id,label,text,prediction
test/neg/10003,0,"brass pictures (movies is not a fitting word for them) really are somewhat brassy. their alluring visual qualities are reminiscent of expensive high class tv commercials. but unfortunately brass pictures are feature films with the pretense of wanting to entertain viewers for over two hours! in this they fail miserably, their undeniable, but rather soft and flabby than steamy, erotic qualities non withstanding. senso '45 is a remake of a film by luchino visconti with the same title and alida valli and farley granger in the lead. the original tells a story of senseless love and lust in and around venice during the italian wars of independence. brass moved the action from the 19th into the 20th century, 1945 to be exact, so there are mussolini murals, men in black shirts, german uniforms or the tattered garb of the partisans. but it is just window dressing, the historic context is completely negligible. anna galiena plays the attractive aristocratic woman who falls for the amoral ss guy who always puts on too much lipstick. she is an attractive, versatile, well trained italian actress and clearly above the material. her wide range of facial expressions (signalling boredom, loathing, delight, fear, hate ... and ecstasy) are the best reason to watch this picture and worth two stars. she endures this basically trashy stuff with an astonishing amount of dignity. i wish some really good parts come along for her. she really deserves it.",1
test/neg/10015,0,"earth has been destroyed in a nuclear holocaust. well, parts of the earth, because somewhere in italy, a band of purebred survivors--those without radioactive contamination--are holed up in a massive mansion surrounded by lush grounds, waiting for the next opportunity to go hunting for those with polluted blood. the final executioner is the story of one of their would be victims, alan (william mang, who looks, not surprisingly, a lot like kurt russell), and his efforts to take down the legally sanctioned hunters, who are led by edra (marina costa) and erasmus (harrison muller jr. ). alan has been trained to kill by former nypd cop sam (woody strode) who mostly hangs around giving his pupil moral support and mooching for tinned meat. strode is by far the best thing about the film, though he doesn't look at all well and only appears for about a third of the running time. as for the story, it's a blending of elements from better films and stories, including ten little indians, the most dangerous game, and escape from new york. the final executioner moves along at a fair pace and provides reasonable entertainment for less discriminate action fans.",1
test/neg/1003,0,"this tale of the upper-classes getting their come-uppance and wallowing in their high-class misery is like a contemporary mid-sommerish version of an old joan crawford movie in which she suffered in mink. here, people behave in a frightfully civilized manner in the face of adversity. a well-heeled london solicitor, (tom wilkinson), discovers that not only is his wife having an affair with the local gentry but that she has also killed their housekeeper's husband in a hit-and-run accident. he throws up, but otherwise his stiff-upper-lip hardly quavers. written and directed by julian fellowes, who won an oscar for writing ""gosford park"", (this is his directorial debut), from a novel by nigel balchin, it's quite comical although i am not sure how much of the comedy is intended. it's like a throw-back to british films of the forties where characters all behaved like characters in books or plays rather than like people might in real life. however, it's not all bad. wilkinson is terrific, even if you never believe in him as a person while emily watson, (the adulterous wife), and rupert everett, (the highly amoral high-class totty), are both very good at covering the cracks in the material. tony pierce-roberts' cinematography ensures that no matter how hard it is on the ear it's always good on the eye.",1
test/neg/1004,0,"seeing this film for the first time twenty years after its release i don't quite get it. why has this been such a huge hit in 1986? its amateurishness drips from every scene. the jokes are lame and predictable. the sex scenes are exploitative and over the top (that is not to say that miss rudnik does not have nice boobs!). the singing is ""schrecklich"". the only genuinely funny scene is the big shoot out when the gangsters die break dancing, a trait that dates the movie firmly to the mid-eighties. it's really quite puzzling to me how incapable i am to grasp what evoked the enthusiasm of the cheering audiences in 1986 (and apparently still today, reading my fellow imdbers comments).",1
test/neg/10050,0,"from time to time it's very advisable for the aristocracy to watch some silent film about the harsh life of the common people in order to remind themselves of the privileges and the comfortable life that they have enjoyed since the beginning of mankind or even before in comparison with the complicated and hard work that common people have to endure everyday since the aristocrats rule the world. and that's what happens in ""the love light"", the first film directed by dame france marion who will be famous afterwards in the silent and talkie world thanks overall to her work as a screenwriter; better for her, certainly, because her career as a film director doesn't impress this german count. the film tells the story of dame angela carlotti ( dame mary pickford ) a merry italian girl who lives surrounded by a ""picturesque squalor"" ( an important difference of opinion between upper and low classes; aristocrats prefers to live surrounded by ""picturesque luxury"" ); she has two brothers and a secret admirer but all she gives him in return is indifference. destiny begins to work hard and pretty soon war is declared and dame angela's two brothers enlist and in the next reel both are dead. but destiny is even crueller and dame angela meanwhile falls in love with a german!! and to make things worse, she doesn't know that her teutonic sweetie is a spy and that the light signals that she sends to him every night from the lighthouse she maintains thinking that is a love signal, don't mean ""ic",1
test/neg/10053,0,"caution spoiler: at the end of the movie it is announced that the bridge collapsed just a few days after it was captured. the impression is that the attack was all for nothing. in reality, taking the bridge at remagen was the last important victory for the western allies. it was the crossing of the rhine that the allies had been trying to achieve for six months. because the remagen bridge was taken, the war ended in just a few weeks. the bridge only need to last for a day after it was captured. this was enough time for the americans to send combat engineers and a large protective force to the other side, and they could then start building a series of pontoon bridges. the taking of the bridge was a complete success, and meant the that the end of the war was near, and would not last through the summer. contrary to the cynical nature of the film, the victory was heralded with elation by the troops who did it. they knew how vital the battle was. this film has little to do with real history. it was more a reflection of the cynical nature of the time in which it was produced.",1
test/neg/10074,0,number 1 was really great summer popcorn fun. it was the modern jaws. number 2 is best summed up by jeff goldblum in the movie about being the stupidest idea in the history of stupid ideas (or something like that). number 3 is the obituary notice...jp has achieved all it ever will. once they realized they had no fresh ideas they should have just let sleeping dinos lie. that said. movie is ok if you don't mind knowing you already have seen it before.,1
test/neg/10083,0,i would like to comment on how the girls are chosen. why is that their are always more white women chosen then their are black women. every episode their is always more white women then black one's. as if to say white women are better looking then black women. i would like for once see more black women then white. and it not just your show it's like that in a lot of shows always more white's. but i would have thought since you as the head honcho of the show you would see this yourself and have more black women on your show. but you are just like the rest trying to act like you are so fair and nice. you are just a big fony hypocrite.,1
test/neg/10100,0,"when the legends die is a powerful, moving story of an orphaned ute indian who goes on to become tom black bull, a champion bronc rider. raised in the old ways, tom is given a white man's name and must adopt the language and ways of the white man to live in that world. bitter about the role he has been forced into, tom finds fulfillment doing one thing, busting horses, riding them to death, in the rodeo. the movie has richard widmark in the role of red, the man who befriends tom and acts as his manager. red is a drunk who eventually dies in the story, which is about where the movie ends. the real story is completely ignored, the dark side of tom black bull who develops a reputation as a killer of horses in the rodeo arenas. oh well, you should read the book, this movie doesn't come close to doing the story justice.",1
test/neg/1012,0,"ok, i just flipped channels and caught dw3. i watched it knowing it would be trash..but..as a person who has seen tons of films, this one stands up there as one of the most purely bad films i have ever seen...i'm not kidding. it is so bad you have to watch it, like a bad accident you can't turn away from. sometimes these kinds of films work, ie, troma movies...but watching martin balsam and charles bronson slum it up like this is painful....what's even funnier is i pulled up imdb to see what other people said and it actually scores a 4.1/10??? i can't believe it made it past 1.5! equally as funny is this is not even the pinnacle of this series...somehow this garbage warranted part 4 and 5? and to top it all off, some dude's comments on here referenced this as the best of the series and his favorite film of all time??? statements like that scare me about this world!",1
test/neg/1013,0,"naked deanna troi! richie's brother chuck (from ""happy days"") with a reverse mohawk! death wish 3 has all this and more, including one clever scene where chuck bronson's character sets up a mousetrap like device that brains a punk when he opens the window. chuck also places a board with a bunch of nails on the floor near another window and smiles when he returns and sees bloody footprints leading away. all i can say about death wish 3 is that it is one of most incomprehensible ""serious"" movies that i have ever seen--loaded to the hilt with mayhem, and nearly zero police response, despite the use of military weapons to mow punks down by the score. as i understand it, bronson disowned this film, but happily cashed the check from golan globus. if you enjoy quality movies, avoid this one, but if you're in for a cheap ""jackass"" kind of thrill, check it out.",1
test/neg/10137,0,"my parents may enjoy this show, but i fail to find the humor in it. what is so funny about a dentist husband impregnating his hygienist assistant and the oldest daughter getting impregnated by the captain of the high school football team? absolutely nothing! it's a shock to me sometimes what people think constitutes humor nowadays. blame that on shows like ""the dating game"" and ""the newlywed game"" bringing the issue of sex to the forefront in the mid-1960s. sure, the series has its touching moments, still that's no excuse for the content that otherwise went into this series. this is nothing like the family-oriented days of ""i love lucy"" some five decades before. an answer i would have to why this series plays on the lifetime cable channel is because that channel's brass think women can relate to reba's character! i absolutely dislike the character of reba hart's daughter, kyra. she is best described as a ditsy and bitter teenager! funny, i wonder if the actress who played kyra; scarlett pomers, is like that in real life away from acting. who plays the blockhead ex-husband dentist, christopher rich, is not much better. barbara jean, played by melissa peterman, is ditsy in herself! the characters of van and cheyenne are also very annoying. something else that baffles me is why the dingbat-of-a-series creator, allison m. gibson, decided to set the series in where i live 25 miles away from; houston, texas! reba mcentire isn't even from this state, she's an oklahoman! why is it du",1
test/neg/10146,0,"in my opinion of this movie the entire video portion of this movie was absolute trash!!!! however the soundtrack that was used contained the music of a great heavy metal rock band, i recognized the music as being a band called firstryke and the album was ""just a nightmare"" and it was very well written!! and i am curious to see what the rest of you movie buffs out there think of it, if can remember back that far i would appreciate the feed back, i collect old movie, and obscure movie sound tracks. it is a very time consuming hobby but is very rewarding. i have seen this bands music being sold in germany on the net for around fifty dollars per album. not to bad hugh?",1
test/neg/1015,0,"since paul kersey was running short of actual relatives to avenge, the third installment in the ""death wish"" saga revolves on him returning to new york to visit an old war buddy. he arrives only to find out that brooklyn entirely changed into a pauperized gangland and that youthful thugs killed his friend and continuously terrorize all the other tenants of a ramshackle apartment building. kersey strikes a deal with the local police commissioner, conquers the heart of his blond attorney, blows away numerous villains with an impressive wildey magnum gun and gradually trains & inspires the petrified new yorkers to stand up for themselves. okay, there's no more point in defending the ""death wish"" series after seeing part three. the 1974 original was a masterpiece that revolved on the social drama as much as it did on the retribution and, even though it was pure exploitation, part two still had quite a few redeeming qualities and at least the events were a logically linked to those occurring in the first. number three frequently feels like a totally separate franchise. apparently, kersey isn't an architect anymore, he's ten times more social and talkative than he used to be and suddenly nobody, not even the police, is against vigilante actions anymore? all these changes and several other aspects make it more than obvious that michael winner and charles bronson reduced their ""death wish"" success to being a purely brainless and exploitative action series, with a death toll that giga",1
test/neg/10154,0,"my friend and i rented this one a few nights ago. and, i must say, this is the single best movie i have ever seen. i mean, woah! ""dude, we better get some brew before this joint closes"" and ""dude, linda's not wearin' a bra again."" what poetry! woah! and it's such a wonderfuly original movie, too. i mean, you don't usually find a slasher film where every single murder is exactly the same. i mean, exactly! now that's originality. and almost all the transitions between scenes are these great close-ups of the psycho in the er scrubs. how cool! the acting is so wonderful to. the dad was just brilliant. must have studied real dads before filming. and how many movies do you find that just don't make any sense? not many. but this is one of those gems. i mean, how cool is it that one guy waited outside for like six hours to pull a prank, while his friends were both inside? that's really cool. overall i'd say this is the single greatest film of the genre, nay, in the world! *****",1
test/neg/10159,0,"okay, now i know where all those boring cop/homicide tv shows came from. i do believe they can be traced back to this movie. ""scene of the crime"" feels more like a tv episode, or an episode of a serial. complete with stock characters and situations - the hotshot cop who clashes with his superiors... the aging cop who doesn't want a desk job, despite failing eyesight... the reckless rookie... the double-crossing dame, etc. i like many of the actors here, and they do a good job, but overall i found this movie dull as i'm not a fan of the genre. i kept tuning out when they were discussing the case ...something about bookies and informers. and oh yeah, there was a stripper, played by the previously wholesome gloria dehaven. what i want to know is: why did she keep calling van johnson ""uncle wiggly""? wasn't uncle wiggly a rabbit? a character from a children's book? what the heck does that have to do with anything? i guess i just don't get tough-guy film noir-ish kinda jargon. in fact, much of the dialogue made me mutter ""nobody talks like that!"" however, i could relate to one scene where the cop's wife (arlene dahl), who worries every time he goes to work, realizes that maybe she shouldn't have made her husband the center of her life. yeah, i know that feeling of loving someone so much, being so dependent on them, that there's a constant fear for their safety. so there are moments of truth in this film, underneath the stylized dialogue and atmosphere which is trying so self-consci",1
test/neg/10166,0,"this review is for the uk dvd three-disc box set. disc one is called caught in the act and contains model behavior, chasing jamie and fast and curious. disc two is called bedroom fantasies and contains blue plate special, falling in lust again and love potion no. 10. the final disc is called anything goes and contains chatroom, she's the boss and legally yours. why the other four episodes in the series are not included is a mystery because there is surely enough room on the discs for a lot more material. each episode opens with the hotel manager chloe (lauren hayes) reading a letter from a satisfied customer. we then get to see the story unfolding as the guests check into the hotel. blue plate special is the exception because this story is from a waitress. the writers should be given credit for coming up with a good variety of story lines. for instance, model behavior is about two models vying for the attention of the photo crew; falling in lust again is about a man and woman who parted and rekindle their love when they meet up again at the hotel; she's the boss is about a put-upon male secretary/dogsbody who shows that he is more of a man than his female boss realised - much to her pleasure. all the episodes lead up to lots of nudity and sex. it should come as no surprise that all the characters in this hotel are beautiful women and handsome hunks. even the geeky secretaries get transformed when they remove their spectacles and let their hair down. the sex action is plentifu",1
test/neg/1018,0,"the dvd for this film is by alpha video--a company that almost always releases the poorest quality prints. in alpha's defense, often that is the only print available, but the specialize in public domain and cheap-o films. if you can find another print by a different company, try it first as the print for this film is scratchy and faded. still, compared to most alpha dvds, this one is excellent--especially since the sound is pretty clear (and alpha never seems to include closed captionings--even with films with horrid sound). a man has been dating a lady for a very long time. one night, he's a bad boy and spends the night with another woman. soon afterwords, he comes clean to his fiancée about this, she forgives him and they marry. very soon after the wedding, he gets a frantic call from the other woman--she needs to see him and has just tried to kill herself. when they meet, he learns that she has an std and she wanted him to know that he, too, might now have it. then, although there is a nurse there and they are treating her for the suicide attempt, she somehow finds a gun and kills herself! the makes a huge mistake. he does not tell his doctor and he doesn't tell his new wife. some time passes and now she and the baby are infected! at this point, the doctor meets with the guy and tells him about the importance of getting treatment and they shows him rooms filled with horribly infected people (actually, these were just films of people with stds that they spliced into the fil",1
test/neg/10201,0,"this movie changed my life! hogan's performance was nothing short of incredible, and i still haven't recovered from his exclusion from the 1990 oscar nominations. and as brightly as the hulkster shines in this movie, you can't discount the brilliant writing and direction that vaults this masterpiece in to the highest strata of achievement in film. if you haven't seen this movie, drop what your doing right now and get yourself a copy. i guarantee it will blow your mind. and if you don't like it, then i just have one question for you.... watcha gonna do when the 24 inch pythons and hulkamania runs wild on you!!!!",1
test/neg/10202,0,"... in search of the cheesiest ""so bad it's good"" movie, i've repeatedly laughed at the first fifteen minutes of various films, only to be left disappointed and bored at the end. not this time!!! my eyes teared up, my belly and my cheeks ached from laughing so hard throughout the movie. sure, hulk hogan is a subpar actor and the plot is utterly predictable, but everyone dives into this movie knowing all this - all anyone wants to see when renting this is hogan breaking out a can of whoopass, with a bunch of ""yeah brother""s and ""whatchugonnado""s flying from his infamously goateed mouth. and while the hulkster on the screen pales a bit in comparison to the hulkster in the ring, seekers of the ultimate cheese will certainly not be disappointed by this backhand gem of a flick. a laugh riot.",1
test/neg/10210,0,"ignoring rocky 3, this is easily hulk hogan's best film, and it still rates as one of the worst films ever. hulk hogan essentially plays hulk hogan, bringing his wrestling buddies in for a film, with all the cliches to go along with it - the crooked promoter, the unstoppable monster, the injured kid, the sexy woman and... ""dookie"".",1
test/neg/10213,0,"hulk hogan stars as a champion wrestler (a real acting stretch...) named rip, who is forced to defend his honor, his title and his girlfriend from a greedy corporation that wanted him to sign for their network (because wrestling sells!) however when rip declines, the network gets a circuit fighting championship called (and i'm totally serious) ""battle of the tough guys"" who's champion zeus (played by tiny lister jr) maybe the deadliest man alive. rip refuses to fight, until his brother is attacked and put in a hospital. no holds barred is pretty much what i expected from vince mcmahon production starring the least versatile actor in the action genre (hogan) it is basically lots of unintentional humor, tons of awkward sequences, a couple okay action sequences and tons of stupidity. in other words it's not unlike wrestling itself, so i give it a fair rating mainly because anyone renting this knows what they're getting. the movie is cheap but well made enough for what it is and really wrestling fans will probably enjoy this. i myself found this to be ultimately hilarious. they're are moments of such absurdity that you only chuckle to yourself. (such as the way hogan jumps 20 feet in the air after being stuck in a limo, how he forces a guy to crap himself and of course the way hogan recites from his cuecard. (i.e:""i'm not going to be around when this check clears!"") no holds barred is a lot of fun, true, though it's mainly because of how ridiculous it is. fans of camp should real",1
test/neg/10226,0,"nothing more than a soccer knock-off of the mighty ducks, this film proved to be annoying in most aspects. this was one of those times where you're parents ask you to take your younger siblings just so they don't have to deal with them for a few hours. to say the least, my younger sisters liked it, but it proved to be too much like the far superior mighty ducks. oh well, at least olivia d'abo was hot and steve guttenberg still had a job at that point in time.",1
test/neg/10231,0,"i had to rent a couple of movies for my little cousin for new year's and she picked out the swan princess: the mystery of the enchanted kingdom and the little mermaid 2 and we just watched both films, while she's sleeping, i figured i could get a couple comments in. :) while this is a very cheesy cartoon, it really wasn't that bad. you have to admit that for children, these plots are new to them and it could be a great introduction of these stories to them. odette finds out that derek has been secretly keeping the magic secrets of rosthoe and she tells derek to destroy them immediately, but him being a guy, typically he does not do so and tells her that no on could achieve the magics without his help. when a witch named zelda gets her hands on them, she finds out that derek tore off the last words of a spell she wants to use to destroy everything, and she kidnaps odette in order to retrieve this information. the swan princess: the mystery of the enchanted kingdom is silly and predictable, but for the kids i would honestly say it's a go. it's so rare we have these clean cut cartoons now a days, so i'm going to cut the film some slack. it was just weird seeing all the voices change all of a sudden, i grew up with the first one, so i guess it was just stuck in my head. 4/10",1
test/neg/10238,0,"sammi cheng & andy lau are coupled yet again in their 3rd film -- yesterday once more -- directed by hk's actioneer johnnie to...fans of to's action films will be disappointed to find not a single gun was used in the filming...furthermore, fans of cheng & lau's previous films, needing you & love on a diet, will also be disappointed to find that yesterday is no where near as funny or endearing... mr. & mrs. to (lau & cheng) are a divorced couple...both affluent hk citizens...both incredibly mischievous...both just happened to be professional thieves -- 'two birds of the same feather'....a couple years earlier, they divorced over an inability to find middle ground on splitting the loot...now she's remarrying...to the son of a rich heiress -- a total momma's boy (carl ng) through & through...the soon-to-be mother-in-law (jenny woo) is suspicious of mrs. to's past & thinks she's only marrying her son for the family jewels -- the heiress' priceless ruby necklace... the necklace is stolen...is it mrs. to's materialistic eye that gets the best of her?... or is it her ex-husband, mr. to's way of sabotaging the marriage to steal the jewels for himself?... this is not a movie about two pple falling in love or rekindling a love...its about two pple who have always been in love but have somehow been to foolish to realize it...they let pride & greed overwhelm them... overall: yesterday is one part caper/heist film & one part homage to classic hollywood glamour from its golden years -- i.e",1
test/neg/10255,0,"i don't really know why so many persons love this movie: maybe it's funny, ok, but it has totally ruined one of the best novels ever written. as the author himself said, this movie has betrayed the book: not only the story is violently cut to about 1/3, but all the symbols, all the complexity, everything is lost in a very 80's-fashioned fantasy/adventure film for kids. today we have effects, directors, a new attention to books: i hope that someone (tim burton, peter jackson, hayao miyazaki...) someday will direct the real neverending story. a great dead writer, a wonderful book and many literature lovers deserve it.",1
test/neg/10267,0,"when the word ""presents"" finds its way into a title, preceded by a famous name, the work is usually immediately dismissible. for some reason, people who are capable of creating good art don't seem to be able to see it in others. however, i've always been willing to give the second installment of the demons trilogy a try. for one thing, the soundtracks are absolutely to die for. most american directors would have sacrificed small animals to line up the kind of talent on the soundtrack of demons 2. for another, well, two words: asia argento. (of course, she was eleven when this film was made, and a number of years away from her seeming decision that she would style her acting after early helen mirren: steamy looks and little clothing.) as well, lamberto bava comes from one of italy's finest dynasties in that odd horror sub genre known as giallo (he's the son of mario bava, who may well have invented the genre in the sixties). and the original demons is an absolute must-see for fans of eighties b-horror films. so how bad can this be, right? well, bad. the demons continue their assault on italian media, as the movie opens in a modern italian high-rise where many people going about their lives have their televisions on in the background. they're all watching a kind of combination news report/mater video of some investigative reporter types trying to get proof of the events of the first film (which would seem to put the time frame of this one no more than a few days after the first",1
test/neg/1027,0,"technically abominable (with audible ""pops"" between scenes)and awesomely amateurish, ""flesh"" requires a lot of patience to sit through and will probably turn off most viewers; but the dialogue rings amazingly true and joe dallesandro, who exposes his body in almost every scene, also gives an utterly convincing performance. a curio, to be sure, but the more polished ""trash"", made two years later, is a definite step forward. i suggest you watch that instead. (*1/2)",1
test/neg/10271,0,"wow. what can i say? i was born in 1960. i love bad tv movies. love them. i get involved. the works. i want to get involved. i'm spending time watching the thing. i watched the emmys last night on tv. how in the infinite world was the empire falls (excellent name)tv movie up for any awards? it truly had wonderful talent. of course. and they tried admirably. but how can anyone pretend that was an ok (tv for goodness sakes) screenplay? ok direction? you know, i wish everyone the best. really. but i thought it was totally mind-bending that hollywood was placing this very very bad film up for so many honors. awards? for me it was sort of a wake-up call that hollywood is such a small insular community. being cynical is not really my thing. but wow. --xptyngi",1
test/neg/10285,0,"there is a growing trend in the media to vilify and ridicule men. one sees it in television adverts and program plots. cheaters is a prime example, they could find plenty of female cheaters yet the vast majority shown are men, why? the prime threat to any government's power resides in the male population, they're less likely to abide by authority and are more of a physical combat threat. a way to reduce the threat is to emasculate men in society via the media. other examples of psychological propaganda are crime dramas full of self righteous cops including big-jawed aggressive women accusing everyone they question trampling their rights and making those men feel like scum. in australia many top male sports stars have been arrested recently for dubious assaults and drinking charges, another example of the government controlling the male populous by arresting their heroes and asserting dominance. cheaters, aside from the political machinations is an invasion of privacy and a violation of rights, furthermore most of these women assault the men! if it were round the other way the men would be in jail!! if it were an honest show they would be finding women cheaters, because they don't normally get caught due to the fact that their male lovers are quite happy to get in no strings attached and get out without rocking the boat. men's mistresses want the men to themselves and want to own and control the men and thus get the men caught anyway.",1
test/neg/10288,0,"after a very scary, crude opening which gives you that creepy ""chainsaw massacre""-feeling, everything falls apart. spoiler alert: as soon as the two fbi-officers start jabbing, you know they are the real killers. anyone who have seen enough of these ""fooled-ya""-movies can figure this out. this movie is mader with one thing in mind: to depict brutal murders. why, then, is not the little girl tortured and murdered as well? will this be next for us movie-goers? the torture and abuse of children? whats wrong with you people? lynch is truly has a disgusting, ugly mind.",1
test/neg/10289,0,"this is a snuff movie. i'm shocked it is even considered to be in the imdb library. and, bill, julia, and all other ""professional"" actors involved should be ashamed to be part of this sick flick. i thought i was going to view a somewhat classic horror film with a creative end that writers like to invent....that usually make no sense when writing a horror film, but as a viewer, we try to rationalize and understand. this ending was not creative. it was sick and has all the earmarks of a snuff movie. i am shocked it was edited to this ending, and more shocked that it will be out for distribution by the end of june 2009. it should not be shown in a theater. it is harmful to innocent minds on many levels....watch the movie, the ending, and you will understand this statement. plus, included in the plot is a sweet little girl ""not yet 9"" her character says. she is not in the snuff ending, but she is an integral part of the movie. why do directors feel they need to shock with a sick flick in order to get recognition? the director is in the wrong line of work if she thinks this is an art film.",1
test/neg/10302,0,"this movie starts off on the wrong foot and never really gets it going. the first scene shows a life flight helicopter landing and just outside the window you can distinctly see mountains in the background. for those of you who might not ever have been to houston there is no elevation change. the city sits just above sea level and a 5 ft. incline is considered a big hill. to go along with that scenery, any shots outside of the hospital immediately tell the viewer that they are not in houston. the trees are all missing leaves or are pine trees, neither of which houston has very much of. even the hospital itself, on the outside, is very unbelievable. memorial hermann hospital is one of the top hospitals in the united states and sits smack dab in the middle of the medical district just miles from downtown houston, yet every outside shot of the hospital makes it appear that the hospital is out in the suburbs or even the countryside. it is obvious that whoever was in charge of the actual tropical storm part of the movie skimped out because the numerous shots of radar are all wrong. the first radar image in the movie is that of hurrican hugo hitting south carolina. we later see kris kristofferson leaving his job and one of his assistants tells him that alison is moving back south across houston yet the radar image he shows has alison clearly moving north off of the gulf of mexico into houston...probably the initial landfall of alison. as for the acting, it isn't all that bad. jobet",1
test/neg/10305,0,"the first season was great - good mix of the job and the brother and friends at home. it was actually a pretty funny show. now it shows up again and the brother and the two hot chicks are gone -- and the whole thing revolves around the airline company. even the old man who runs the company has gone downhill - way too over the top, where before it was perfect. that and no more sarah mason - one of the best looking girls in hollywood. this is what happens when you let some execs get their hands on a show. you can almost see the meeting ""the old man is funny, lets focus on him, make him way over the top and make it all about the airline.. it'll be a nutty version of the office!"" anyhow, no hot chicks, no watch.",1
test/neg/10307,0,"i love this show. i watched every episode last year. i bought the dvds. and i tune into to watch tonight and i see for some reason you have retooled this great show. and you have taken what made it work and ruined it. you took one of the best aspects of the show away which was the 4 friends. sam, sully, lizzy and piper. i love the other characters as well, but they are good in small dozes like derek, darcy and even sully. it is like the show lost some of its family and everyone else is trying to hard to fill in. it is overdose. while things are funny in small dozes when you are exposed to it all the time it goes from funny to annoying. i was so looking forward to the return of this show. so please bring back the charm. even if you could not fit piper into the show at least bring lizzy back. but i loved those girls. they brought the fun. the show was about sam trying to live his business life and handle his personal life and friends as well. that was the charm. and that great dog as well. i hope the network (fox) forced the writers to do this and the writers did not willingly do this to the show. i will give the show a couple more episodes before i give up, but tonight's episodes were bad. i made a big deal out of the show returning tonight and had people over and i felt like a fool, because no one was laughing except 2-3 times. i apologized to them and said i don't know what happened. and about 10 minutes into the episode i realized they were not going to show piper or lizzy ",1
test/neg/10311,0,"the prior comments are way to generous. this movie is a waste of electricity and plastic. on the other hand, i have had a great deal of fun giving it to friends to watch and describing it beforehand as ""beyond belief!"" ""no words can express how i feel about this"" ""this movie will move you"" as expected, the friends took these nondescript comments as enthusiastic endorsements. they were wrong. the sadistic pleasure i had foisting this on people was well worth the $5 i paid for the movie. on the other hand, one (former) friend says i owe him 90 minutes of his life back. i particularly enjoyed the ""gun's eye view"" of parts of the movie. truly awesome in it's absurdity.",1
test/neg/10312,0,"found this film in a dvd discount rack for $10. it wasn't worth it. some of the camera work and dialog look and sound as if it were done by a film student. sandra's performance was somewhat credible, but the film was predictable and the action was spotty and dragged. one thing that i will give them, however. unlike most action films, people in this film actually ran out of ammo and scavanged dead bodies for new weapons and ammunition.",1
test/neg/10323,0,"wait until you've watched most of all other films ever released, wait a year, then watch this when you're ready for something with such low production values it that will not challenge anybody's imagination. i agree that whoever rated this movie as a ten-star production has to be doing it to skew the data. anything above 8 would be odd. nice to see the very young sandy bullock in her poofy hair for the short time she was featured, though she overdid the new yorker accent but other times her southern (virginia & nc) accent did sneak through. ancient history for this accomplished actress who has grown so much since this film. the dvd i rented had two bonus features, a mini-bio section that only featured sandra's bio - taken verbatim from imdb. it also had a trivia quiz as a bonus - 3 questions. hope you get them all right!",1
test/neg/10340,0,"i am currently 22 years old, and remember seeing this movie in the theatres when it first came out. you heard me right, i was 5 years old, and yet i can still distinctly remember what i saw that afternoon so many years ago. was it a mystical trip through the fantastic world of mark twain's creativity?... no, on the other hand, it was a quite creepy film about mark twain's dark, depressed, and in fact suicidal side. one scene that still bothers me was a particularly strange scene in which mark twain is playing the organ at his own funeral. would an adult enjoy this film? well, this movie quite possibly features some interesting viewpoints that a person with a working knowledge of mark twain's writing might enjoy; but trust me on this, ""adventures"" is not the film you want to use to introduce your young children to mark twain.",1
test/neg/10355,0,"there is something about this show that keeps me watching and hoping for the future of it. in the writing, the jokes are few and far between, and the story lines are a bore, so i figure it must be the physical comedy and the visuals. i do enjoy the camera movement, set dressing, and wardrobe. it's amusingly highly contrasted against the dullness that reigns. and i'm pretty sure every time i have laughed it was because of john or molly's physical comedy. the two of them make a sickeningly cute couple that make me laugh and want to puke at the same time. so here i go ready to sit down to kath & kim one more time tonight to see what path this production will go down (or up as the case may be, looking forward positively).",1
test/pos/10018,1,"i have certainly not seen all of jean rollin's films, but they mostly seem to be bloody vampire naked women fests, which if you like that sort of thing is not bad, but this is a major departure and could almost be cronenberg minus the bio-mechanical nightmarish stuff. except it's in french with subtitles of course. a man driving on the road at night comes across a woman that is in her slippers and bathrobe and picks her up, while in the background yet another woman lingers, wearing nothing. as they drive along it's obvious that there is something not right about the woman, in that she forgets things almost as quickly as they happen. still though, that doesn't prevent the man from having sex with her once they return to paris & his apartment. the man leaves for work and some strangers show up at his place and take the woman away to this 'tower block', a huge apartment building referred to as the black tower, where others of her kind (for whom the 'no memory' things seems to be the least of their problems) are being held for some reason. time and events march by in the movie, which involve mostly trying to find what's going on and get out of the building for this woman, and she does manage to call robert, the guy that picked her up in the first place, to come rescue her. the revelation as to what's going on comes in the last few moments of the movie, which has a rather strange yet touching end to it. in avoiding what seemed to be his ""typical"" formula, rollin created, in this, ",0
test/pos/10024,1,"while i can't say whether or not larry hama ever saw any of the old cartoons, i would think that writing said cartoons, file cards, and some of the comics would count for something. for fans of the old cartoon, this is pretty much a continuation of the same, except with a few new characters - and a more insane cobra commander. we still have all the old favorites too, but on a personal note, one thing that always irritated me was this ""duke in charge"" stuff, when there are tons of other *officers* around instead. the battle sequences are similar to the old series as well; the main trick here seems to be the cgi. it's overall pretty good, if not a little over-the-top.",0
test/pos/10038,1,"naturally, along with everyone else, i was primed to expect a lot of hollywood fantasy revisionism in they died with their boots on over the legend of custer. just having someone like errol flynn play custer is enough of a clue that the legend has precedence over the truth in this production. and for the most part my expectations were fulfilled (in an admittedly rousing and entertaining way). yet even in this obviously biased (and much criticized) retelling of the custer story, i was struck by some of the points made in this movie that, sometimes subtly but nevertheless solidly, seemed to counter the typical clichés of manifest destiny and unvarnished heroism usually found in westerns of the early 20th century. for instance, even while this film attempted to whitewash it's hero, certain scenes still suggested the more flawed and foolish character of the real-life custer: 1) his initial entrance at the west point front gate, in which his arrogance and pompousness is a clear aspect of his character. 2) his miserable record at west point, which seems to be attributed as much to custer's cluelessness about the demands of military service as any other factor; there are moments in the way flynn plays custer at west point where he seems downright stupid. 3) custer's promotion to general is not only presented as a ridiculous mistake, but it plays out as slapstick comedy. i half-expected to see the marx brothers or abbott and costello wander into the scene. 4) custer's stand against j",0
test/pos/10062,1,"for late-80s cheese, this really isn't so bad. there are a lot of pretty funny throwaway one-liners (""that was grand theft!"" - ""thanks!"") and madonna gives a fine performance; nothing award-worthy here, but that goes for razzies as well as oscars. i'm curious to know if the movie would have been better received if she had used her regular (pre-british influenced) speaking voice rather than the hyper-bronxy accent used instead. oh well. as a side note, i got to meet one of the actors who played one of the motorcycle cops through my work; he said that it was a fun film to work on but gave me the sad news that the actor who played buck the ups delivery guy died about a year after who's that girl",0
test/pos/10066,1,"madonna gets into action, again and she fails again! who's that girl was released just one year after the huge flop of shangai surprise and two after the successful cult movie desperately seeking susan. she chose to act in it to forget the flop of the previous movie, not suspecting that this latter could be a flop, too. the movie received a bad acceptance by american critic and audience, while in europe it was a success. madonna states that ""some people don't want that she's successful both as a pop star and a movie-star"". the soundtrack album, in which she sings four tracks sells well and the title-track single was agreat hit all over the world, as like as the world tour. the truth isthat madonna failed as an actress 'cause the script was quite weak. butit's not so bad, especially for those who like the 80's: it's such a ramshackle, trash, colorful and joyful action movie ! at the end, it's very funny to watch it.",0
test/pos/10073,1,"so, madonna isn't meryl streep. still, this is one of her first films and a comedy at that. give her a break! sure, the movie is mediocre at best and pales in comparison to its earlier counterpart w/ katherine hepburn, bringing up baby. for what it is, though(a piece of fluff), it's quite a bit of fun to watch. i've yet to hear anyone that slams madonna's acting skills back it up w/ evidence or even adjectives other than ""awful"", ""bad"", or other such vague descriptive words. if you wanna see bad acting or justify the argument that singers should stick to singing, how about whitney houston?? she's had the most undeserved commercial success of any actress in history and couldn't act her way out of a hatbox. the american public obviously cannot discern the difference between a credible performance in a movie and star power. i think madonna has always been at least credible in her movies. get real people. madonna-bashing is so 90's.",0
test/pos/10081,1,"is this a bad movie? of course, what were you expecting from a movie called ""beach babes from beyond""? it is a ""babes in bikini"" movie and has no pretensions of being otherwise. given, this is not ""a room with a view"" or ""schindler's list."" if you wanted a film like ""a room with a view"" then you would not be looking at beach babes from beyond. but if you are looking for a good babes in bikini movie with almost no plot, this is the one for you. this flick delivers on what it promises and then some. it is pure 100% adolescent fun. there were lots of babes in and out of bikinis. the movie was quite funny and great to watch. these were some of the most beautiful women i have ever seen on home video. every high school kid should watch at least one bad movie like this. this is actually one of the most memorable movies i have ever seen. so unashamedly, i say again...if you are going to watch only one ""babes in bikini"" movie, this is it.",0
test/pos/10086,1,"""tale of two sisters"" has to be one of the creepiest films i've seen recently. in the end there is no actual supernatural element, despite what one is led to expect throughout the film. the story seems to be about two sisters, who, upon returning to their father's home after some sort of absence (later revealed to have been a stay in a mental institution) are forced to deal with not only a seemingly schizophrenic and possibly bi-polar stepmother who lashes out at the younger of the girls when the mood strikes her and cheerfully tells them she's prepared a special dinner at another time., but some presence as yet unexplained. it is later revealed that the younger sister is dead, and exists only in the troubled minds of her older sister, who was unable to save her, and her step-mother, who was callous enough to let her die. much about the specifics of the strange family is not revealed in the film, but it definitely leaves a viewer with a creepy feeling and a nagging hint of confusion. definitely not light viewing; watch this one when you really want to think about what you've seen. it's a hell of a puzzler.",0
test/pos/10106,1,"this review is long overdue, since i consider a tale of two sisters to be the single greatest film ever made. i'll put this gem up against any movie in terms of screenplay, cinematography, acting, post-production, editing, directing, or any other aspect of film-making. it's practically perfect in all of them  a true masterpiece in a sea of faux ""masterpieces."" the structure of this film is easily the most tightly constructed in the history of cinema. i can think of no other film where something vitally important occurs every other minute. quite literally, ji-woon kim seems to have made a movie that practically taunts the viewer to dissect it on the most detailed of levels. a seemingly insignificant object may be shown  a rack of dresses, two diaries, a drop of blood emanating from a floor crack, a bottle of pills, etc.  but upon meticulous inspection turns out to be so much more  a clue that helps to make sense of that particular scene (or perhaps the movie in total), which almost always contributes a stirring reflection upon the psychological concepts that lurk in the background until the viewer's intelligence prompts them to spring to the forefront. such an event might occur a handful of times during any other movie, but in a tale of two sisters such events occur in such a rapid-fire, relentless fashion that the viewer must watch the film in a perpetual state of alertness, lest they miss something important. in other words, the content level of this film is enough to ea",0
test/pos/1012,1,"despite some really scenic locations in the orient and some sporadically energetic music by franco micalizzi, this film doesn't quite reach the level of joe d'amato's similar efforts while staying just about as trashy. the author of the original book ""emmanuelle: the joys of a woman"", emmanuelle arsan, directed and had a smallish role in this film, which mostly pornographically showcases a very young annie belle as she gets in a variety of oddball sexual situations. her boyfriend, played by zombie's al cliver actually approves of her sleeping around and even persuades her to continue her practices even after the two of them are married! orso maria guerrini drops by as a professor who is oh so usually married simultaneously to two women, one of whom is played by arsan herself. despite beginning promisingly and having a few hilarious lines of dialog like ""can you see me with the naked eye?"" ... ""i can see you better naked!"", the film shambles along plotlessly up until the less-than-spectacular finale. much like d'amato's emanuelle and the last cannibals, the main characters are all in search of some lost tribe, but don't get your hopes up, there's no violence at all in this film, and not much sex either for that matter. just a lot of nudity and silly dialog. i couldn't help but find some appreciation for this little film, if only for the completely cornball logic the film goes by.",0
test/pos/10139,1,"spoilers !!! to understand what really happened first you have to be a warrior, to stay alive in real war, to think off-line,analytically,critically and not linear. otherwise you will come to false conclusions that maj.gray was dumb or unstable person. truth is something completely different. he was firm hardened veteran and only way he could be killed by capt. o'malley is that he wants her to kill him. it was his way out. he choose it. he was not man who will retire. if you've never been on a first line you can't understand it. he intentionally prepare his own suicide. first he seduced mary jane, than intentionally acted as a dumb, than stageed argue - shutting incident before witnesses (to protect her later after she done what he wants her to do if it comes to trial), than gave her son a bullets (to assure he could load her gun later), came that night, loaded her gun, woke her up, put her gun in her hands, acted as he was attacking her, after shot first time he raised knife and cried ""one kill"" so she shot him again and before died he put knife off like he was trying to took him back again after first shot. he also gave her a message with his last cry. ""after first kill everything will change inside your mind and destroy your life, this is the the only way for me to die as a man, yet to be killed by somebody i love is my choice and my only prerogative, war and army is not what you thought so far, grow up finally and save your life till you can"". she left military life at th",0
test/pos/1014,1,"i finally saw laure and i have to say that i equally enjoyed it and was dismayed by it. what's great about it is the atmosphere, the music, the location, the cinematography and the beautiful cast. the story is non-existent for sure but with these movies it doesn't really matter. the pace in languid and the settings are exotic. the film has a lot going for it. unfortunately, it also has a few things going against it. the first thing is that the gorgeous annie belle and the handsome al cliver have no chemistry whatsoever. because the two are playing a couple and are on screen for almost the entire length of the film the lack of chemistry between the two is a definite liability. according to imdb, al and annie were a real couple when they filmed this movie. they sure kept their attraction to each other from showing on screen. the other problem with laure is that some sex scenes are just ineffective or even ridiculous. there's one sex scene that stands out as one of the silliest i've ever seen in any soft porn flick: our young blonde couple are picked-up by a helicopter pilot who happens to be a cross-dresser! the pilot flies over the city to pick up his girlfriend (!) and they have an orgy of sorts in the helicopter, in mid-air. and al cliver is filming all of this with his 16mm camera! i kid you not. ridiculous. we later see that 16mm footage being edited on a moviola. while the footage rolls, al and annie start making out. this scene is actually good but the footage on the scr",0
test/pos/10141,1,"certainly this film has the ring of truth about it, as it purports to be based on actual occurrences at a marine base. it deals with the attempted cover-up by the local marine commander of unacceptable conduct by a marine major which resulted in his being shot to death by his former girl friend, a marine captain. the man and woman had been lovers, but the captain attempted to break off the relation when she discovered her boy friend was married. he continued to stalk her, going so far as to fire his side arm in her direction at one time. finally he broke into her home, attacked her with a knife, and was shot twice with her service pistol and killed. the civilian prosecutor ruled the killing self defense, but the marines decided to charge the captain with murder. the major, you see, was a decorated hero from vietnam, and an old friend of the commanding colonel at the marine base. the captain, too, had made some enemies in her motor pool command, rejecting some male advances in a very butch style. there is considerable psychological freight motivating and controlling the actions of the principal participants in this drama, which the very capable cast gets across nicely. the director and editor, however, seem determined to obscure the happenings as much as possible with frustrating flashbacks and shifting points of view. you're lucky if you know where you're at most of the time. bear with them, though; it's a worthwhile story as the captain's court martial trial unfolds, and it ",0
test/pos/10155,1,"this isn't among my favorite hitchcock films, though i must admit it's still pretty good. among the things i really liked were the presence of jimmy stewart (he always improves even the most mediocre material) and the incredibly scary looking assassin (who looks like a skeleton with just a thin layer of skin stretched over him). although it cost the studio a lot of money, i didn't particularly care for doris day in the film--she seemed to weep a lot and belts out ""que sera"" like a fullback. yes, i know that she was supposed to sing in that manner, but this forever made me hate this song. sorry. the other complaint, though minor, i had about the movie was that it was a little ""too polished"" and ""hollywood-esque"". the original version (also done by hitchcock) just seemed a lot grittier and seedier--and this added to the scary ambiance.",0
test/pos/1016,1,"distributor: goodtimes home video plot: a pretty high school student is marked for unrelenting terror in this suspense filled made for tv movie. gail osborne is new in town. she makes friends, has a boyfriend and everything seems to be going her way. that is until she gets an ominous and frightening phone call while babysitting. after more and more phone calls, she is raped. throughout most of the movie, she tries to find proof that the person did rape her. audio/video: this 1987 vhs edition from goodtimes stinks. there are constant lines at the bottom and top of the screen. extras: no extras from goodtimes home video. final thoughts: this suspense filled made for tv movie was made in 1978, so don't expect many deaths (there are none). if you can find this movie with the worldvision home video logo on the front, then buy it. but the goodtimes version is pretty crappy. this can be a little boring, but if you are patient, the ending is pretty good.",0
test/pos/1017,1,"there is a lot to like in this film, despite its humble trappings of a preachy pc tale about rape and the perp always faring better than the victim. the movie did create a fair bit of suspense in the mystery surrounding who was sending the notes. (i, for one, was sure it was the teacher. in fact, that would have been more probable plot-wise because the idea of the best-friend's boy-friend kind of came out of nowhere. i guess the point of that is that ""rape is omnipresent. you never know who it is going to be"".) ms. beller is luminous as always (yet see kb discussion board for my qualification of this statement). like all preachy films the plot lasts 15 minutes past the climax so you might want to quit watching at that point. unless you are really curious to find out what happens to phillip. blythe danner, as the mom, is in the role she was born to play: the fretting, over-protective mom. some good 70s scenes for 70s fans. (the dark bar that the father goes to in order to drink away his pain is all dark-stained beams, barrels, oak and cork). a must for beller fans and highly recommended for fans of 70s high school melodrama or 70s kitsch in general.",0
test/pos/10190,1,"this program was on for a brief period when i was a kid, i remember watching it whilst eating fish and chips. riding on the back of the tron hype this series was much in the style of streethawk, manimal and the like, except more computery. there was a geeky kid who's computer somehow created this guy - automan. he'd go around solving crimes and the lot. all i really remember was his fancy car and the little flashy cursor thing that used to draw the car and help him out generally. when i mention it to anyone they can remember very little too. was it real or maybe a dream?",0
test/pos/10194,1,"this movie is an evolutionary piece - from terminator to robocop . stan winston did the spfx ! in this film, a scientist working in a sinister robotics company with a really creepy boss(they always are) gets is killed by them in a horrible lab explosion and has his brain placed inside an indestructible robot body . the rest of this movie goes on with a romance angle as this cyborg/man regains consciousness and wreaks havoc while trying to communicate with his wife, played by the gorgeous(back then in 1986) terri austin . (he tries to reconnect with his old life, like in that scene in robocop) the rest of this movie is about breaking things, while trying to defeat the evil his evil boss from recapturing him for some ill-defined 'turn humans into cyborgs' project . this film pays homage to previous movies like the day the earth stood still - - as the cyborg breaks free like the giant robot gort does . except for the 'frankenstein suite' designed by stan winston, this movie's production values are typically canadian: sleazy ! ! pam grier stars in this film as an hired killer-commando, a cheap role of the likes she was doing so much of during the 80's . as for a sci-fi horror b movie, out of 4 stars, this film ranks about a <3",0
test/pos/1020,1,"doe-eyed high school student kathleen beller is found beaten and raped in the opening scenes of this made for tv movie. the film then flashbacks to the few days before the rape, as beller is harassed by a stranger. beller and scott colomby and her best friend robin mattson and dennis quaid are double dating early on. beller's anxious parents, laid back tony bill and shrill blythe danner, wait at home wringing hands and so on. right away, the 1970's makes its dated entrance, as the young couples discuss the romance and love in ""three days of the condor."" beller, an amateur photographer, begins getting threatening notes stuffed in her locker at school. the film makers wisely give us a whole slew of suspects: beller's new boyfriend, mattson's boyfriend, beller's dad, beller's ex-boyfriend, and what about that overly friendly photography class teacher who wants beller to be a little more sexy in her self-portraits? i knew who the rapist was because the worldvision video company video box has a picture of the attack on the back cover, destroying any suspense in that regard. without giving away who the attacker is, beller begins getting harassing phone calls, and is eventually raped. the movie then heads south as she makes like nancy drew and secretly sets up a time lapse camera to catch the guy stalking another student. finally, the film makers tack on a hokey ending narration from beller about the lack of understanding for the victims of rape in that day and age. the suspense her",0
test/pos/10200,1,"this western was set in 1861 and had to do with the creation of the first transcontinental wireless lines that were laid by western union. while nice guy dean jagger (sporting lots of hair) did his best to get this done, there was a bad guy just waiting to undo this for his own selfish reasons. so, it's up to either randolph scott or robert young to save the day. this is certainly one of the better 1940s westerns i have seen and it nearly garnered an 8--it was that good. however, for the life of me, i have no idea why fritz lang was assigned to direct this film--after all, he knew nothing about westerns. his forte was drama--and i guess this movie is a drama of sorts--just set in the old west. strange, yes, but it seemed to work out okay, though i wonder how this great german director felt about being given this job. as for the rest of the film, it's exceptional--with vivid color, great location shooting and very good acting. as usual, randolph scott put in another relaxed and realistic performance. i was surprised, though, with robert young being also cast in the film, but it was a good casting decision--he was supposed to be a harvard-educated easterner. when i saw barton maclane was also in the film, i pretty much assumed he'd be the ""baddie"" and my thoughts were well founded, since he made a career out of playing jerks! as for the script, it seemed pretty ordinary for the most part, but the final showdown between scott and barton maclane was a lot better than i'd hoped--m",0
test/pos/10209,1,"hard to believe this was directed by fritz lang since he mostly directed crime dramas and mysteries. this movie has a cast that includes robert young, randolph scott, dean jagger and john carradine. scott plays an outlaw who tries to go straight and leave his old gang and winds up saving jagger's life. jagger works for western union, a telegraph company that plans to have telegraphs out west. jagger hires a lot of men to make sure it is done because they have to worry about indian attacks and bandits. scott is in charge of the men and young is a telegraph expert who can't shoot a gun but can ride. scott meets up with his old gang who want to stop them but scott can't tell anyone. it's a pretty good western and lang should of directed some more westerns.",0
test/pos/10212,1,"""western union"" is something of a forgotten classic western! perhaps the reason for this lies in the fact of its unavailability on dvd in the united states. however, all is not lost as it has now appeared on region 2 in england. this - being a blessing in some ways - is not only incongruous but totally ironic when one considers that a movie depicting the founding and establishment of such a uniquely american organization as the western union telegraph company is without a region 1 release. it beggars belief! it simply doesn't make sense! produced by fox in 1941 ""western union"" was directed by fritz lang. this was only the second occasion the great german director undertook to direct a western! he had done an excellent job the year before with fox's ""the return of frank james"" and would have only one more western outing in 1952 with the splendid ""rancho notorious"". lang was no ford or hawks but with ""western union"" he turned in a fine solid western that holds up very well. beautifully photographed in early three strip technicolor by edward cronjager it boasted a good cast headed by robert young, randolph scott and dean jagger. the female lead is taken by virginia gilmore who really has little to do in the picture. an actress who never made anything of her career. her presence here is merely cosmetic. it is curious that robert young has top billing over scott! it is clearly scott's picture from the very beginning when we first see him in the film's terrific opening scene being ",0
test/pos/10213,1,"i saw this years ago, and it's entertaining, but not profound. the basic story is of a young man who dreams of midian, though he's not sure where it is or even if it really exists. spoilers follow: he finally visits it, gets transformed to a nightbreed creature by being bitten by another one. then, he has to help the other members of the nightbreed because they're being attacked by canadians. (save for the accents, they all act like good ol' boys. not much in tune with the canadian psyche, eh?) someone observed for ""monsters"" or ""nightbreed,"" substitute ""jews,"" and for the canadians/humans, substitute, ""nazis,"" and you're supposed to get an insight into the struggle by the monsters versus the humans. well, maybe. one major objection i had was that while the underground city was interesting, it was rather ramshackle and, frankly, dirty. this must be a convention for movies with underground settlements. one would think that if the monsters were the good guys, some would have at least a little sense of decor. the storyline is a tad thin, but that's to introduce characters. but it's entertaining enough for a repeat view.",0
test/pos/10219,1,"this movie is masterly directed by clive barker, he really knows how to establish a rapport between the audience and the characters. i think there is a sequel missing for this one, barker should have dedicated to the sequel for this movie instead of doing the boring lord of illusions, that is one i think was a real garbage. but i also think that because of this and because of the lack of the sequel nbreed has become a dark cult classic of horror films.",0
test/pos/10224,1,"i wish there was a category to place this in other than horror. it simply isn't. granted it has it's horrific moments, however i don't feel that makes it a horror film. i will give that this movie could have been better. a million little things could have been changed to make it better. that having been said i love this movie. i'm often sad that people misunderstand the whole point of it. it has always been clear to me that the point of this movie was to say... things aren't always what they seem. sometimes 'evil', isn't. barker was at a con i went to and he did a little talk then watch the movie thing. it was very interesting. many things he wished to put in the movie couldn't be, and a chunk was cut out of the movie that he believed to be long lost. this was a chunk that helped shed light on boone and his girlfriend, as well as some other details. i know some people are bothered by not having more information about all of the 'breed' in the background, however i always felt that gave the movie a more 'real' fleshed out feel. i have read the novella this was based off of as well as many of the comics. because of this, the movie just always seemed like a staging ground for the whole story. a much more involved story that sadly has never has a chance to live. despite all of the flaws this movie might have i believe it has a lot to offer. the 'monsters' are wonderful, very imaginative. while the acting is sometimes a bit stiff there are some very quotable lines. whenever i watc",0
test/pos/10227,1,"it's a horror story alright. but perhaps not as you know it. the real monsters in this flick are humans. while the monsters, are human and prey. as weird as that may sound i see this as ""monsters inc"" for horror film fans. sure, the effects are of a std horror film, the monsters are there as in any monster based film, the gore is there as well, there even is a slasher in the shape of dr decker (played by david cronenberg; i see flash of cillian murphy as dr. jonathan crane in batman begins here - or is it the other way round?). and it is decker &c who are the bad guys. the monsters want mainly to mind their own business, warding off intrusive humans more or less misguided, wanting to join there society. by the end of the film you actually grow to like the quite little monsters (and the dog) - not perhaps what you had expected from the first few scenes....",0
test/pos/10259,1,"read this: boyz 'n the hood is a scene-by-scene, complete rip-off of this movie. two friends in the hood, one's focused on intellectual pursuits and the other is an athlete. the friend who's an athlete gets involved with the wrong people and gets killed. (the athlete just happens to be washington from 'welcome back, kotter'.) it makes me mad that people don't know this. it blows my mind everytime i go into a video store and boyz 'n the hood is in the 'drama' section while cooley high is in 'comedy'. it's an embarrassing disgrace. this movie is both funnier and more dramatic than john singleton's rip-off. at least singleton could have had the dignity to speak out that his film was homage to cooley high, but no, he never said a word. boys 2 men, however, named their hit record after this film.",0
test/pos/10267,1,"as with footprints (1975), i became aware of this one purely by accident: it was mentioned in a review of the libertine (1969), which i researched when that film turned up on late-night italian tv, as being in a similar vein; incidentally, i missed out on that screening of the libertine (though i acquired it via the same channel later on) but did manage to watch the film by way of a rental of the english-dubbed r1 dvd during my sojourn in hollywood in late 2005/early 2006. actually, in view of the enthusiastic reviews for it, i was let down by the libertine – being too light-hearted in nature for what was essentially a serious theme (the sado-masochistic relationship between a young couple)!; to be honest, for much of the time, i was afraid that the frightened woman would go the exact same route…but was subsequently amply redeemed by a wicked (if not exactly unpredictable) final twist. the film concerns the freethinking social attitudes and dazzling creative arts prevalent in this era: an eminent philanthropist (philippe leroy) invites a female journalist (dagmar lassander) at his fashionable home for the week-end; however, it transpires that he’s a misogynist who distrusts all members of the opposite sex and would rather dominate (or even kill) them! therefore, for the first half of the narrative, we see the heroine enduring pain and humiliation at leroy’s hands (including being forced to make love to a dummy in his own image!)…until the tables are subtly, but unsurprisingly",0
test/pos/10276,1,"i loved this. it starts out as a fairly normal, slightly ponderous french art movie and then all of a sudden, halfway through it's turned on it's head. this part is brilliant as you realise you have been watching 2 plots not one. sadly, the ending doesn't make much sense, which is a great shame. oh yes, and it's brilliantly filmed.",0
test/pos/10284,1,"an obsessive love story, where the characters have been extremely convincing. i think this film highlights the talent of professional actors. specially for vincent cassel who wouldn't (at the time it was filmed) be the first character you think of for such a role. and yes he did succeed to seduce the beautiful monica belluci, beyond the film, during this creation. i can only say, that this film should have been released at it is in the usa, instead of thinking of doing a remake. it is simply so french, almost perverted....and yet so true...this film should stay untouched... a director that should definitely get more projects as this kind of subject requires the right amount of ingredients to not make it a flop..",0
test/pos/10286,1,"a lot has already been written about the film itself, so instead of adding to the noise i just want to say a few words on the two female actors. it has to be a daunting prospect for any actress to star, in a sense, versus the spectacular monica bellucci, but romane bohringer pulls it off to sensational ends. a film starring monica bellucci where i fall in love with the other girl?? that's not supposed to happen. it's been said a thousand times, but monica bellucci strikes the saddest figure in modern cinema. i have never before seen such innate sadness. she would not be out of place breaking lon chaney's heart.",0
test/pos/10307,1,"the film's subject is poignant and very real. it happened. one can debate some artistic liberties taken by director and scriptwriter. the subject is what makes the film tick--nothing else. i saw the film for the first time after the real phoolan, was gunned down in new delhi and had served several years as an elected member of parliament in india. by the way, she was not the first untouchable elected to parliament, as some reviewers stated. the so-called ""untouchables"" have been elected to the indian parliament for decades in reserved constituencies. while shekhar kapur as a director is a hero to many india, because he made commercially accepted international films---""bandit queen"" and ""elizabeth"" (and a tolerable kiddie movie called ""mister india"", which was accepted by the average indian audiences)---and even got oscar nominations for elizabeth, i do not place him as a top notch film director from india. he fails in every department as a director except perhaps that he succeeds in getting some above-average performances from his actors. subtlety, finesse, charm are not easy to find in his films--melodrama brims in them. his idea of using nusrat fateh ali khan's vocal rendering of the song in the early parts of the film, was perhaps his single major achievement on the undistinguished sound track of ""bandit queen"". and then perhaps the creaking doors during the gang rape sequence. otherwise the film looked like a spaghetti western with sex and violence minus the great music o",0
test/pos/10319,1,"for the record, i am a curly fan through and through. but i do have to say that in reality, shemp wasn't really that bad. yeah, he might have lacked the same kind of slapstick that curly had, but in his own way he was hilarious. at least he wasn't as bad as joe besser. in brideless groom, shemp plays a music professor (stooge? a professor? yeah right), who recently inherited a half million dollars from a dead uncle, and moe & larry have to prepare him to marry a woman by six o'clock that night, or no money. this was one of the stooges' first skit with shemp, before they started recycling their material. perhaps it isn't surprising that shemp was part of the stooges before curly came into the picture, so he seemed natural at this. the slapstick gags are hilarious, especially this one scene with moe and shemp in a phone booth. essential stooge short to be honest.",0
test/pos/10330,1,"i absolutely loved this show. never understood why it was called bug juice though. i must have been about 13 when it came out. i remember they ran it over the summer holidays on channel 4, between re-runs of pugwalls summer and saved by the bell or something like that. i remember sitting there and wishing i was at summer camp too - ha ha. all the kids in it looked to be having so much fun, it was all about ""discovering who you are"" and ""growing up."" first kisses and all that stuff. i remember there was this really cute guy in it, i think he was the main reason i got up in the mornings that particular summer. they should have more teen docu-soaps like this, i thought it was great!",0
test/pos/10353,1,"totally disgusting and cheap bawdy humor. i loved it!!! it is the most disgusting and totally horribly acted film, except for nicolas read, who plays an un-dead court jester, to comic brilliance. but being that as it may, i laughed so many times and i have to hand it to the film makers, it wasn't pretentious or ordinary in any way. raping, fighting, zombies vomitting on their rape victims. what other movie has this? not for the quesy, but with a pizza, a bong, and a six pack of beer, you got it made, if you have a cast iron stomach and a juvenille sense of humor like myself.",0
test/pos/10354,1,"i felt compelled to comment on this film because it's listed as the fourth lowest-rated sci-film of all time on the imdb. what!?!? sure, this movie is crappy, but it's hilarious! it's not awful on an ed wood level, it's more surreal and uneven. there are some classic moments in the film. the brain surgery is gross and great- and even nuttier when you consider that the film was rated pg! gor chasing after his dolly before getting battery acid dumped on his face- ""mine! gimmee!"" zandor vorkoff's speeches at the beginning of the film- ""before amir, kali was but another weak nation struggling to break free from centuries of stagnant feudalism!"" angelo rossito also has some great lines- ""no, gor! no!"" ""you want these keys, don't you, my pretties?"" it is absolutely wrong that this is the 4th lowest-rated sci-film on the imdb because it is entertaining. no matter how bad a film is, if it still manages to be weird, quirky, unsettling, or entertaining, it has merit and doesn't deserve to be dumped on and dismissed. i won't defend most of al adamson's films, but this one, along with dracula vs. frankenstein and blood of ghastly horror, are entertaining enough to make up for their awfulness.",0
test/pos/10355,1,"this film revolves around an arabian leader (amir) who dies and wants to live on. so a dr. lloyd trenton is being paid to transplant amirs brain into a ""willing"" participant. but in the doctors basement his dwarf assistant dorro (angelo rossitto) drains young girls blood for the doctors purposes. so meanwhile doctor llyod pays a man to kill the people who assisted amir into the country (which is reed hadley, grant williams, and various unknown bodyguards.). grant is the only survivor when his car crashes off the road. while this has happened the doctors other assistant gor is sent out to get a body for amir and hurts him so badly dr.llyod cant operate. meanwhile, grant finds amirs ""girlfriend"" regina carrol and tells her his story. grant sees the man who drove him off the road and dorro kills him. then since gor failed to get a body d.r llyod puts amirs brain into gors disfigured body. then grant and regina go to the doctors lab an ------------------------spoilers------------------------- find out his secret. soon amir (gor) are prancing around killing people and in the muddle of what i think is plot dr.llyod has a brain-ray gun which hurts amir on command. it turns out dr.lloyd wants a country in which all scientists can work without law. so then regina dies. and at the end amirs new body (i think) say that it shall be a new country blah blah. i still don't get the ending but overall this was a very enjoyable piece of smelly cheese.this film features grant williams in his se",0
test/pos/10356,1,"american-made final entry in the ""blood island"" series of filipino horror films concerns abdul amir (reed hadley), ruler of a fictional country. he dies of cancer, yet it's figured out how to bring him back: put his brain into a donor body. the mad doctor in charge (kent taylor) puts it in a highly unlikely body: the facially scarred giant manservant named gor (john bloom). a doctor friend of the ruler tries to remedy matters and put an end to the mad doctors' plans. film-making partners samuel m. sherman (producer) and al adamson (director) corral several actors they've worked with before, including taylor, adamsons' sexy wife regina carrol, angelo rossitto, zandor vorkov, and vicki volante. they tried to go for the feel of the previous ""blood island"" entries but one can tell this was made stateside. while not necessarily a ""good"" film, it's got a bunch of amusing elements to add up to an entertainingly trashy whole. a malevolent dwarf (rossitto), gory operations, a rather unconvincing makeup job on bloom, the political intrigue subplot, caverns full of cobwebs, etc. the narrative is actually pretty coherent, with plot twists thrown in here and there. i think it could have been trimmed a bit; some scenes drag. but it's got its fun moments and an ending people might not expect. for this kind of thing, the acting isn't too bad. both taylor and rossitto are fun; the latter seems to be having quite a good time in his role. volante is appealing enough, and williams is o.k. in the",0
test/pos/10357,1,"brain of blood starts as abdul amir (reed hadley) the leader of a country called kahlid is close to death because of cancer, however if he dies kahlid will tear itself apart without anyone to lead them so doctor robert nigserian (grant williams) & one of amir's devotees mohammed (zandor vorkov) have devised a plan to take amir's dead body to america where mad scientist dr. lloyd trenton (kent taylor) will transplant his brain into a fresh body & with a bit of plastic surgery no-one will ever know he was even dead. things don't go according to plan though as when the time comes to transplant amir's brain trenton's freak assistant gor (john bloom) brings a dead body of someone that fell from a balcony, trenton needed a strong fit living body & since there's no more time he decides to use gor's body as a temporary stop-gap until another more suitable one can be found. unfortunately when amir wakes up in his new body he's not very happy at what he sees, i mean would you be if you found out your brain was inside a badly burned freak? also known as brain damage, the brain, the creature's revenege & the undying brain this cheapo exploitation flick was produced & directed by the one & only al adamason & quite frankly i'm offended at the pathetic 1.5 rating brain of blood has on the imdb, personally i think it's terrific fun in a so bad it's good sort of way. the highly entertaining script by kane w. lynn & joe van rodgers is as loopy & silly as they come from sloppy blood soaked brai",0
test/pos/10358,1,"i saw this black and white comedy noir yesterday at the london film festival. structurally, it has been compared to pulp fiction but it is perhaps closer to the structure of amores perros and the slacker mood of kevin smith's clerks. four stories intersect at a french motorway diner. the first vignette has franck (edouard baer) bungling a hold up at the diner. the waitress, suzie (anna mouglalis) takes pity and tell him her story. the second has two incompetent kidnappers, leon (bouli lanners) and paul (serge lariviere) take a teenage girl from her rich family. unfortunately for them, she is suicidal and her family don't appear to want her back. the third is a dialogue between two ageing rock stars who bump into each other at the diner (alain bashung and arno playing themselves). the final part is about four ex-criminals who smuggle their old partner out of hospital to visit their old hideout which has since been turned into the diner. an 'epilogue' returns to franck and suzie to complete their story (not really an epilogue, more a conclusion). the structure does not really work. the stories are not sufficiently intertwined as in pulp fiction. nor is the diner crucial to the action to at least two of the stories in the way the car crash was crucial in the four stories of amores perros. the quality of the individual stories varies. the hideout story is a cute idea, with a couple of good gags, but does not come off; and the rock star reunion is pointless and dull. on the other ",0
